{
    "_version": "0.2.0",
    "_adjSetting": {
        "PosL": {
            "x": 0.0,
            "y": 0.0,
            "z": 0.0
        },
        "RotEuL": {
            "x": -186.26934814453126,
            "y": -264.0735168457031,
            "z": -4.824457168579102
        },
        "PosR": {
            "x": 0.0045577287673950199,
            "y": -2.384185791015625e-7,
            "z": 0.0045577287673950199
        },
        "RotEuR": {
            "x": 7.1967315673828129,
            "y": 85.62396240234375,
            "z": 180.88504028320313
        },
        "HandPosL": {
            "x": 0.0,
            "y": -0.07064014673233032,
            "z": 0.0040367841720581059
        },
        "HandPosR": {
            "x": 0.13118886947631837,
            "y": -0.07064026594161987,
            "z": -0.0010588765144348145
        },
        "RootPosL": {
            "x": 0.0,
            "y": 0.0,
            "z": 0.0
        },
        "RootRotL": {
            "x": 0.0,
            "y": 0.0,
            "z": 0.0
        },
        "WristPosL": {
            "x": 0.0,
            "y": 0.0,
            "z": 0.0
        },
        "WristRotL": {
            "x": 180.0,
            "y": 0.0,
            "z": 90.0
        },
        "RootPosR": {
            "x": 0.0,
            "y": 0.0,
            "z": 0.0
        },
        "RootRotR": {
            "x": 0.0,
            "y": 0.0,
            "z": 0.0
        },
        "WristPosR": {
            "x": 0.0,
            "y": 0.0,
            "z": 0.0
        },
        "WristRotR": {
            "x": 180.0,
            "y": 0.0,
            "z": -90.0
        }
    }
}